t,date,deutschland,synthetisch,gap,spez,t_fake,date_fake
1,2005,65.19444,66.04262550005043,-0.8481855000504339,Haupt (J=7),17,2009
2,2005.25,65.19944,66.15537218146768,-0.9559321814676878,Haupt (J=7),17,2009
3,2005.5,65.5234,66.47626398955043,-0.9528639895504369,Haupt (J=7),17,2009
4,2005.75,65.89368,66.60733195387078,-0.7136519538707802,Haupt (J=7),17,2009
5,2006,66.40794,66.86125146258019,-0.4533114625801886,Haupt (J=7),17,2009
6,2006.25,66.9909,67.34066614850099,-0.34976614850098997,Haupt (J=7),17,2009
7,2006.5,67.47513,67.72118366513739,-0.24605366513739568,Haupt (J=7),17,2009
8,2006.75,67.7817,67.84668008069562,-0.06498008069561934,Haupt (J=7),17,2009
9,2007,68.48769,68.28730868748895,0.2003813125110554,Haupt (J=7),17,2009
10,2007.25,68.81258,68.43204623048356,0.3805337695164326,Haupt (J=7),17,2009
11,2007.5,69.18359,68.94672826992569,0.23686173007430966,Haupt (J=7),17,2009
12,2007.75,69.36181,68.9104203569474,0.4513896430526074,Haupt (J=7),17,2009
13,2008,69.81321,69.48003674275338,0.33317325724661373,Haupt (J=7),17,2009
14,2008.25,69.80685,69.65247839278148,0.15437160721852194,Haupt (J=7),17,2009
15,2008.5,70.35694,69.31095409788452,1.0459859021154756,Haupt (J=7),17,2009
16,2008.75,70.43853,69.43494684157339,1.0035831584266077,Haupt (J=7),17,2009
17,2009,69.24348,69.08916301920101,0.15431698079899547,Haupt (J=7),17,2009
18,2009.25,69.34557,68.86309725658388,0.48247274341611046,Haupt (J=7),17,2009
19,2009.5,69.180179999999993,68.70110644519362,0.4790735548063765,Haupt (J=7),17,2009
20,2009.75,69.81895,68.84697896681585,0.9719710331841469,Haupt (J=7),17,2009
21,2010,69.90231,68.94322149931975,0.9590885006802523,Haupt (J=7),17,2009
22,2010.25,70.25742,69.02181496592375,1.2356050340762437,Haupt (J=7),17,2009
23,2010.5,70.44604,69.22168344048721,1.2243565595127848,Haupt (J=7),17,2009
24,2010.75,70.65646,69.59202585653911,1.0644341434608862,Haupt (J=7),17,2009
25,2011,71.21901,69.32501181901164,1.893998180988362,Haupt (J=7),17,2009
26,2011.25,71.75304,69.48315953540411,2.269880464595886,Haupt (J=7),17,2009
27,2011.5,71.83925,69.70312886400168,2.136121135998323,Haupt (J=7),17,2009
28,2011.75,72.25014,69.42516548074356,2.8249745192564433,Haupt (J=7),17,2009
29,2012,71.77687,69.58193574715288,2.194934252847119,Haupt (J=7),17,2009
30,2012.25,71.98163,69.85012378294489,2.1315062170551045,Haupt (J=7),17,2009
31,2012.5,72.06743,69.7511436155233,2.3162863844766974,Haupt (J=7),17,2009
32,2012.75,72.14242,69.74501714622049,2.3974028537795107,Haupt (J=7),17,2009
33,2013,72.18745,69.5123841404058,2.6750658595941985,Haupt (J=7),17,2009
34,2013.25,72.47523,69.85883048311422,2.616399516885778,Haupt (J=7),17,2009
35,2013.5,72.39938,69.69133453316248,2.7080454668375182,Haupt (J=7),17,2009
36,2013.75,72.46141,69.42146594557197,3.039944054428034,Haupt (J=7),17,2009
37,2014,72.45598,69.25657965431601,3.1994003456839835,Haupt (J=7),17,2009
38,2014.25,72.56773,69.55586090404664,3.011869095953358,Haupt (J=7),17,2009
39,2014.5,72.71888,69.26946947099157,3.449410529008432,Haupt (J=7),17,2009
40,2014.75,72.56651,69.35754042674571,3.2089695732542793,Haupt (J=7),17,2009
41,2015,72.70757,69.39021354746848,3.317356452531527,Haupt (J=7),17,2009
42,2015.25,72.51051,69.27616597838292,3.2343440216170762,Haupt (J=7),17,2009
43,2015.5,72.63437,69.5496911002125,3.084678899787505,Haupt (J=7),17,2009
44,2015.75,72.76231,69.63081320198557,3.1314967980144246,Haupt (J=7),17,2009
45,2016,72.93954,69.67352407574256,3.266015924257431,Haupt (J=7),17,2009
46,2016.25,72.98755,69.89676368010626,3.0907863198937378,Haupt (J=7),17,2009
47,2016.5,73.40736,70.11088628727151,3.296473712728485,Haupt (J=7),17,2009
48,2016.75,73.49681,70.16949766277608,3.3273123372239155,Haupt (J=7),17,2009
49,2017,73.41237,70.23467133808732,3.1776986619126717,Haupt (J=7),17,2009
50,2017.25,73.58966,70.66246461262966,2.9271953873703325,Haupt (J=7),17,2009
51,2017.5,73.71687,70.51500138409936,3.2018686159006364,Haupt (J=7),17,2009
52,2017.75,73.96725,71.00130949574736,2.965940504252643,Haupt (J=7),17,2009
53,2018,74.04164,71.12505036322769,2.916589636772315,Haupt (J=7),17,2009
54,2018.25,74.02095,71.54931886106561,2.4716311389343844,Haupt (J=7),17,2009
55,2018.5,74.28933,71.46408913378885,2.8252408662111606,Haupt (J=7),17,2009
56,2018.75,74.40572,71.59169246965719,2.8140275303428126,Haupt (J=7),17,2009
57,2019,74.73882,71.82107068942686,2.917749310573143,Haupt (J=7),17,2009
58,2019.25,74.89684,71.97040031348192,2.92643968651808,Haupt (J=7),17,2009
59,2019.5,74.87152,71.87983842005453,2.991681579945478,Haupt (J=7),17,2009
60,2019.75,74.74255,72.20620822601705,2.53634177398294,Haupt (J=7),17,2009
1,2005,65.19444,66.14399163637523,-0.949551636375233,Haupt (J=7),21,2010
2,2005.25,65.19944,66.25934271292674,-1.0599027129267427,Haupt (J=7),21,2010
3,2005.5,65.5234,66.58737144673532,-1.063971446735323,Haupt (J=7),21,2010
4,2005.75,65.89368,66.71470377871307,-0.8210237787130694,Haupt (J=7),21,2010
5,2006,66.40794,66.96572637761112,-0.5577863776111229,Haupt (J=7),21,2010
6,2006.25,66.9909,67.44765549833987,-0.4567554983398736,Haupt (J=7),21,2010
7,2006.5,67.47513,67.83619465713379,-0.3610646571337952,Haupt (J=7),21,2010
8,2006.75,67.7817,67.96162501424583,-0.17992501424582485,Haupt (J=7),21,2010
9,2007,68.48769,68.40892788086248,0.07876211913752229,Haupt (J=7),21,2010
10,2007.25,68.81258,68.55253389184182,0.2600461081581784,Haupt (J=7),21,2010
11,2007.5,69.18359,69.06935796282929,0.11423203717070862,Haupt (J=7),21,2010
12,2007.75,69.36181,69.03462707017071,0.3271829298292914,Haupt (J=7),21,2010
13,2008,69.81321,69.6108807703826,0.20232922961740485,Haupt (J=7),21,2010
14,2008.25,69.80685,69.78421149131825,0.022638508681751546,Haupt (J=7),21,2010
15,2008.5,70.35694,69.43925462918348,0.917685370816514,Haupt (J=7),21,2010
16,2008.75,70.43853,69.56948235748989,0.869047642510111,Haupt (J=7),21,2010
17,2009,69.24348,69.22979514226842,0.013684857731590228,Haupt (J=7),21,2010
18,2009.25,69.34557,69.00555110973086,0.34001889026913545,Haupt (J=7),21,2010
19,2009.5,69.180179999999993,68.84636067595663,0.3338193240433611,Haupt (J=7),21,2010
20,2009.75,69.81895,68.99853522773871,0.8204147722612873,Haupt (J=7),21,2010
21,2010,69.90231,69.09557731862233,0.8067326813776674,Haupt (J=7),21,2010
22,2010.25,70.25742,69.1757807023701,1.0816392976298914,Haupt (J=7),21,2010
23,2010.5,70.44604,69.38122044062645,1.0648195593735466,Haupt (J=7),21,2010
24,2010.75,70.65646,69.75280516231312,0.9036548376868723,Haupt (J=7),21,2010
25,2011,71.21901,69.47994428755493,1.7390657124450684,Haupt (J=7),21,2010
26,2011.25,71.75304,69.64199312907003,2.111046870929968,Haupt (J=7),21,2010
27,2011.5,71.83925,69.8661381938683,1.9731118061317119,Haupt (J=7),21,2010
28,2011.75,72.25014,69.58576118579641,2.6643788142035874,Haupt (J=7),21,2010
29,2012,71.77687,69.74300926589626,2.0338607341037402,Haupt (J=7),21,2010
30,2012.25,71.98163,70.0153744975163,1.9662555024836905,Haupt (J=7),21,2010
31,2012.5,72.06743,69.91784398502767,2.1495860149723285,Haupt (J=7),21,2010
32,2012.75,72.14242,69.914495095019,2.227924904980995,Haupt (J=7),21,2010
33,2013,72.18745,69.68529889401955,2.5021511059804453,Haupt (J=7),21,2010
34,2013.25,72.47523,70.04104185003183,2.434188149968165,Haupt (J=7),21,2010
35,2013.5,72.39938,69.8718665006356,2.527513499364389,Haupt (J=7),21,2010
36,2013.75,72.46141,69.5958866274831,2.865523372516904,Haupt (J=7),21,2010
37,2014,72.45598,69.42767506048803,3.028304939511969,Haupt (J=7),21,2010
38,2014.25,72.56773,69.73087926440763,2.836850735592364,Haupt (J=7),21,2010
39,2014.5,72.71888,69.43870108526357,3.2801789147364246,Haupt (J=7),21,2010
40,2014.75,72.56651,69.52466650216789,3.0418434978321045,Haupt (J=7),21,2010
41,2015,72.70757,69.55587236559127,3.151697634408734,Haupt (J=7),21,2010
42,2015.25,72.51051,69.44026282250923,3.0702471774907707,Haupt (J=7),21,2010
43,2015.5,72.63437,69.71147606361204,2.9228939363879647,Haupt (J=7),21,2010
44,2015.75,72.76231,69.79141236821657,2.97089763178343,Haupt (J=7),21,2010
45,2016,72.93954,69.83128218596934,3.108257814030651,Haupt (J=7),21,2010
46,2016.25,72.98755,70.05113571386902,2.936414286130983,Haupt (J=7),21,2010
47,2016.5,73.40736,70.2680630950873,3.1392969049126975,Haupt (J=7),21,2010
48,2016.75,73.49681,70.32585334454181,3.170956655458184,Haupt (J=7),21,2010
49,2017,73.41237,70.38709948001751,3.0252705199824845,Haupt (J=7),21,2010
50,2017.25,73.58966,70.82017883512991,2.7694811648700863,Haupt (J=7),21,2010
51,2017.5,73.71687,70.66678169845335,3.0500883015466513,Haupt (J=7),21,2010
52,2017.75,73.96725,71.15732671873944,2.8099232812605663,Haupt (J=7),21,2010
53,2018,74.04164,71.28117520886705,2.7604647911329465,Haupt (J=7),21,2010
54,2018.25,74.02095,71.70563021224119,2.31531978775881,Haupt (J=7),21,2010
55,2018.5,74.28933,71.61989468508717,2.669435314912832,Haupt (J=7),21,2010
56,2018.75,74.40572,71.74968054948214,2.6560394505178664,Haupt (J=7),21,2010
57,2019,74.73882,71.97784283062543,2.76097716937457,Haupt (J=7),21,2010
58,2019.25,74.89684,72.12701749724077,2.769822502759226,Haupt (J=7),21,2010
59,2019.5,74.87152,72.03501597313377,2.836504026866237,Haupt (J=7),21,2010
60,2019.75,74.74255,72.36413543189423,2.378414568105768,Haupt (J=7),21,2010
1,2005,65.19444,66.29382440445845,-1.0993844044584478,Haupt (J=7),25,2011
2,2005.25,65.19944,66.41301910746452,-1.2135791074645255,Haupt (J=7),25,2011
3,2005.5,65.5234,66.75158531593597,-1.2281853159359741,Haupt (J=7),25,2011
4,2005.75,65.89368,66.87340987769221,-0.9797298776922077,Haupt (J=7),25,2011
5,2006,66.40794,67.12015470120902,-0.712214701209021,Haupt (J=7),25,2011
6,2006.25,66.9909,67.60578751757689,-0.6148875175768893,Haupt (J=7),25,2011
7,2006.5,67.47513,68.00617956984061,-0.5310495698406186,Haupt (J=7),25,2011
8,2006.75,67.7817,68.13151279609359,-0.3498127960935875,Haupt (J=7),25,2011
9,2007,68.48769,68.58866600759032,-0.10097600759031877,Haupt (J=7),25,2011
10,2007.25,68.81258,68.73059690749542,0.08198309250457214,Haupt (J=7),25,2011
11,2007.5,69.18359,69.25057503205602,-0.06698503205602435,Haupt (J=7),25,2011
12,2007.75,69.36181,69.21817683981783,0.1436331601821763,Haupt (J=7),25,2011
13,2008,69.81321,69.80422069468057,0.00898930531943165,Haupt (J=7),25,2011
14,2008.25,69.80685,69.9788659220712,-0.17201592207119631,Haupt (J=7),25,2011
15,2008.5,70.35694,69.62884102599205,0.7280989740079491,Haupt (J=7),25,2011
16,2008.75,70.43853,69.76827002310479,0.6702599768952098,Haupt (J=7),25,2011
17,2009,69.24348,69.43756764650321,-0.1940876465032062,Haupt (J=7),25,2011
18,2009.25,69.34557,69.21600035696308,0.1295696430369162,Haupt (J=7),25,2011
19,2009.5,69.180179999999993,69.06094299959116,0.11923700040883034,Haupt (J=7),25,2011
20,2009.75,69.81895,69.22241234054326,0.5965376594567431,Haupt (J=7),25,2011
21,2010,69.90231,69.32063077026908,0.5816792297309235,Haupt (J=7),25,2011
22,2010.25,70.25742,69.40321226565064,0.8542077343493588,Haupt (J=7),25,2011
23,2010.5,70.44604,69.61687851513898,0.829161484861018,Haupt (J=7),25,2011
24,2010.75,70.65646,69.9902928086761,0.6661671913238933,Haupt (J=7),25,2011
25,2011,71.21901,69.70880417474109,1.5102058252589075,Haupt (J=7),25,2011
26,2011.25,71.75304,69.87661540569036,1.8764245943096398,Haupt (J=7),25,2011
27,2011.5,71.83925,70.10692564232205,1.7323243576779532,Haupt (J=7),25,2011
28,2011.75,72.25014,69.82298619704196,2.4271538029580455,Haupt (J=7),25,2011
29,2012,71.77687,69.98093636298303,1.7959336370169723,Haupt (J=7),25,2011
30,2012.25,71.98163,70.25946694425518,1.722163055744815,Haupt (J=7),25,2011
31,2012.5,72.06743,70.16407953851943,1.9033504614805707,Haupt (J=7),25,2011
32,2012.75,72.14242,70.16483426785429,1.9775857321457124,Haupt (J=7),25,2011
33,2013,72.18745,69.94071526015897,2.246734739841031,Haupt (J=7),25,2011
34,2013.25,72.47523,70.31018431843019,2.165045681569808,Haupt (J=7),25,2011
35,2013.5,72.39938,70.13853230169781,2.260847698302186,Haupt (J=7),25,2011
36,2013.75,72.46141,69.85353021587832,2.6078797841216783,Haupt (J=7),25,2011
37,2014,72.45598,69.680408912872707,2.7755710871272896,Haupt (J=7),25,2011
38,2014.25,72.56773,69.98940687614295,2.5783231238570465,Haupt (J=7),25,2011
39,2014.5,72.71888,69.68869078547247,3.0301892145275247,Haupt (J=7),25,2011
40,2014.75,72.56651,69.77154740821246,2.794962591787538,Haupt (J=7),25,2011
41,2015,72.70757,69.80058861227066,2.9069813877293456,Haupt (J=7),25,2011
42,2015.25,72.51051,69.68267199604135,2.8278380039586466,Haupt (J=7),25,2011
43,2015.5,72.63437,69.95046883455856,2.6839011654414406,Haupt (J=7),25,2011
44,2015.75,72.76231,70.02865507576587,2.7336549242341306,Haupt (J=7),25,2011
45,2016,72.93954,70.06433349998171,2.8752065000182796,Haupt (J=7),25,2011
46,2016.25,72.98755,70.27918608426374,2.708363915736257,Haupt (J=7),25,2011
47,2016.5,73.40736,70.50025440963336,2.9071055903666405,Haupt (J=7),25,2011
48,2016.75,73.49681,70.55683179591527,2.939978204084724,Haupt (J=7),25,2011
49,2017,73.41237,70.61227928483997,2.8000907151600245,Haupt (J=7),25,2011
50,2017.25,73.58966,71.05315949399296,2.5365005060070303,Haupt (J=7),25,2011
51,2017.5,73.71687,70.89100387783343,2.8258661221665733,Haupt (J=7),25,2011
52,2017.75,73.96725,71.38780611066296,2.5794438893370426,Haupt (J=7),25,2011
53,2018,74.04164,71.5118146635446,2.529825336455403,Haupt (J=7),25,2011
54,2018.25,74.02095,71.93654291829826,2.084407081701741,Haupt (J=7),25,2011
55,2018.5,74.28933,71.85006594255387,2.439264057446138,Haupt (J=7),25,2011
56,2018.75,74.40572,71.9830740582736,2.422645941726401,Haupt (J=7),25,2011
57,2019,74.73882,72.20943988647814,2.529380113521867,Haupt (J=7),25,2011
58,2019.25,74.89684,72.35838289787313,2.53845710212687,Haupt (J=7),25,2011
59,2019.5,74.87152,72.26425933181481,2.607260668185191,Haupt (J=7),25,2011
60,2019.75,74.74255,72.59743680608281,2.145113193917183,Haupt (J=7),25,2011
1,2005,65.19444,66.53620943240927,-1.341769432409265,Haupt (J=7),29,2012
2,2005.25,65.19944,66.66163397176499,-1.4621939717649894,Haupt (J=7),29,2012
3,2005.5,65.5234,67.01726872758228,-1.4938687275822815,Haupt (J=7),29,2012
4,2005.75,65.89368,67.1301564880138,-1.2364764880137926,Haupt (J=7),29,2012
5,2006,66.40794,67.36997298760453,-0.9620329876045304,Haupt (J=7),29,2012
6,2006.25,66.9909,67.86162148981595,-0.8707214898159492,Haupt (J=7),29,2012
7,2006.5,67.47513,68.2811956220928,-0.8060656220928024,Haupt (J=7),29,2012
8,2006.75,67.7817,68.4063710662065,-0.6246710662065027,Haupt (J=7),29,2012
9,2007,68.48769,68.87948858804592,-0.3917985880459156,Haupt (J=7),29,2012
10,2007.25,68.81258,69.01871484002805,-0.2061348400280565,Haupt (J=7),29,2012
11,2007.5,69.18359,69.5438193001905,-0.360229300190511,Haupt (J=7),29,2012
12,2007.75,69.36181,69.51519151391004,-0.15338151391003407,Haupt (J=7),29,2012
13,2008,69.81321,70.11711278986483,-0.30390278986483565,Haupt (J=7),29,2012
14,2008.25,69.80685,70.29388380032998,-0.4870338003299821,Haupt (J=7),29,2012
15,2008.5,70.35694,69.93564896825778,0.4212910317422143,Haupt (J=7),29,2012
16,2008.75,70.43853,70.08999103728922,0.34853896271077645,Haupt (J=7),29,2012
17,2009,69.24348,69.7738708043979,-0.5303908043978964,Haupt (J=7),29,2012
18,2009.25,69.34557,69.5566635925138,-0.2110935925138051,Haupt (J=7),29,2012
19,2009.5,69.180179999999993,69.4083046585116,-0.22812465851160368,Haupt (J=7),29,2012
20,2009.75,69.81895,69.58485004415452,0.2340999558454797,Haupt (J=7),29,2012
21,2010,69.90231,69.68498211223216,0.21732788776783707,Haupt (J=7),29,2012
22,2010.25,70.25742,69.77141350347068,0.4860064965293134,Haupt (J=7),29,2012
23,2010.5,70.44604,69.99840281263432,0.4476371873656717,Haupt (J=7),29,2012
24,2010.75,70.65646,70.37479072192343,0.2816692780765635,Haupt (J=7),29,2012
25,2011,71.21901,70.07931724339024,1.1396927566097617,Haupt (J=7),29,2012
26,2011.25,71.75304,70.25645867010722,1.496581329892777,Haupt (J=7),29,2012
27,2011.5,71.83925,70.49675559332698,1.3424944066730262,Haupt (J=7),29,2012
28,2011.75,72.25014,70.20704499779471,2.043095002205291,Haupt (J=7),29,2012
29,2012,71.77687,70.36613880570852,1.4107311942914862,Haupt (J=7),29,2012
30,2012.25,71.98163,70.65466096423202,1.3269690357679735,Haupt (J=7),29,2012
31,2012.5,72.06743,70.56274067466681,1.5046893253331888,Haupt (J=7),29,2012
32,2012.75,72.14242,70.57013743124118,1.5722825687588227,Haupt (J=7),29,2012
33,2013,72.18745,70.35423662765784,1.8332133723421578,Haupt (J=7),29,2012
34,2013.25,72.47523,70.74594073620031,1.7292892637996857,Haupt (J=7),29,2012
35,2013.5,72.39938,70.57027146427136,1.8291085357286363,Haupt (J=7),29,2012
36,2013.75,72.46141,70.27065314047218,2.1907568595278235,Haupt (J=7),29,2012
37,2014,72.45598,70.08957939028775,2.366400609712244,Haupt (J=7),29,2012
38,2014.25,72.56773,70.40795933120984,2.159770668790159,Haupt (J=7),29,2012
39,2014.5,72.71888,70.09340132618424,2.6254786738157634,Haupt (J=7),29,2012
40,2014.75,72.56651,70.17122112254583,2.3952888774541634,Haupt (J=7),29,2012
41,2015,72.70757,70.19675261360982,2.510817386390187,Haupt (J=7),29,2012
42,2015.25,72.51051,70.07510022257644,2.4354097774235584,Haupt (J=7),29,2012
43,2015.5,72.63437,70.33736942492118,2.297000575078826,Haupt (J=7),29,2012
44,2015.75,72.76231,70.4127183633644,2.3495916366355942,Haupt (J=7),29,2012
45,2016,72.93954,70.44160234182272,2.4979376581772783,Haupt (J=7),29,2012
46,2016.25,72.98755,70.64835658885089,2.339193411149111,Haupt (J=7),29,2012
47,2016.5,73.40736,70.87613352590417,2.5312264740958312,Haupt (J=7),29,2012
48,2016.75,73.49681,70.93074684998606,2.5660631500139317,Haupt (J=7),29,2012
49,2017,73.41237,70.97680099738237,2.435569002617626,Haupt (J=7),29,2012
50,2017.25,73.58966,71.43032470704566,2.1593352929543386,Haupt (J=7),29,2012
51,2017.5,73.71687,71.25397586740931,2.462894132590691,Haupt (J=7),29,2012
52,2017.75,73.96725,71.76091191367333,2.2063380863266815,Haupt (J=7),29,2012
53,2018,74.04164,71.88517751846322,2.156462481536778,Haupt (J=7),29,2012
54,2018.25,74.02095,72.31035248876924,1.710597511230759,Haupt (J=7),29,2012
55,2018.5,74.28933,72.22266523692163,2.0666647630783785,Haupt (J=7),29,2012
56,2018.75,74.40572,72.36089382497461,2.044826175025392,Haupt (J=7),29,2012
57,2019,74.73882,72.58435134230703,2.1544686576929735,Haupt (J=7),29,2012
58,2019.25,74.89684,72.73292342422144,2.1639165757785577,Haupt (J=7),29,2012
59,2019.5,74.87152,72.6353557924613,2.2361642075387067,Haupt (J=7),29,2012
60,2019.75,74.74255,72.97511005622427,1.7674399437757273,Haupt (J=7),29,2012
1,2005,65.19444,66.6946588923998,-1.5002188923998006,Haupt (J=7),33,2013
2,2005.25,65.19944,66.82415388898127,-1.624713888981276,Haupt (J=7),33,2013
3,2005.5,65.5234,67.19094542067154,-1.6675454206715443,Haupt (J=7),33,2013
4,2005.75,65.89368,67.29799403656259,-1.4043140365625817,Haupt (J=7),33,2013
5,2006,66.40794,67.53328220987149,-1.1253422098714907,Haupt (J=7),33,2013
6,2006.25,66.9909,68.02886066136787,-1.037960661367876,Haupt (J=7),33,2013
7,2006.5,67.47513,68.46097506164995,-0.9858450616499539,Haupt (J=7),33,2013
8,2006.75,67.7817,68.58604697139806,-0.8043469713980613,Haupt (J=7),33,2013
9,2007,68.48769,69.06959632158062,-0.5819063215806182,Haupt (J=7),33,2013
10,2007.25,68.81258,69.20705469787714,-0.3944746978771434,Haupt (J=7),33,2013
11,2007.5,69.18359,69.73550703415947,-0.551917034159473,Haupt (J=7),33,2013
12,2007.75,69.36181,69.70934482428204,-0.34753482428203597,Haupt (J=7),33,2013
13,2008,69.81321,70.32164135165542,-0.5084313516554175,Haupt (J=7),33,2013
14,2008.25,69.80685,70.4998020759799,-0.6929520759799033,Haupt (J=7),33,2013
15,2008.5,70.35694,70.13620267252165,0.2207373274783464,Haupt (J=7),33,2013
16,2008.75,70.43853,70.30029173355632,0.13823826644367898,Haupt (J=7),33,2013
17,2009,69.24348,69.99370407589274,-0.7502240758927314,Haupt (J=7),33,2013
18,2009.25,69.34557,69.77934357397311,-0.433773573973113,Haupt (J=7),33,2013
19,2009.5,69.180179999999993,69.63536086890983,-0.4551808689098351,Haupt (J=7),33,2013
20,2009.75,69.81895,69.82175660666722,-0.00280660666722099,Haupt (J=7),33,2013
21,2010,69.90231,69.92313804771138,-0.02082804771137603,Haupt (J=7),33,2013
22,2010.25,70.25742,70.01208652991008,0.24533347008991768,Haupt (J=7),33,2013
23,2010.5,70.44604,70.24778607495189,0.1982539250481068,Haupt (J=7),33,2013
24,2010.75,70.65646,70.62611475762812,0.03034524237187952,Haupt (J=7),33,2013
25,2011,71.21901,70.3215020932023,0.8975079067976992,Haupt (J=7),33,2013
26,2011.25,71.75304,70.5047418574797,1.248298142520298,Haupt (J=7),33,2013
27,2011.5,71.83925,70.75156671638804,1.087683283611966,Haupt (J=7),33,2013
28,2011.75,72.25014,70.45808217526931,1.7920578247306906,Haupt (J=7),33,2013
29,2012,71.77687,70.61792260462659,1.158947395373417,Haupt (J=7),33,2013
30,2012.25,71.98163,70.91297343874498,1.0686565612550112,Haupt (J=7),33,2013
31,2012.5,72.06743,70.8233187407039,1.2441112592961048,Haupt (J=7),33,2013
32,2012.75,72.14242,70.83505731986722,1.3073626801327833,Haupt (J=7),33,2013
33,2013,72.18745,70.62452934650128,1.562920653498722,Haupt (J=7),33,2013
34,2013.25,72.47523,71.03076506405057,1.4444649359494264,Haupt (J=7),33,2013
35,2013.5,72.39938,70.85246965766113,1.5469103423388617,Haupt (J=7),33,2013
36,2013.75,72.46141,70.54329837330448,1.91811162669552,Haupt (J=7),33,2013
37,2014,72.45598,70.35702627102079,2.098953728979211,Haupt (J=7),33,2013
38,2014.25,72.56773,70.68153758921812,1.8861924107818737,Haupt (J=7),33,2013
39,2014.5,72.71888,70.35793445324234,2.3609455467576623,Haupt (J=7),33,2013
40,2014.75,72.56651,70.43246272471056,2.134047275289433,Haupt (J=7),33,2013
41,2015,72.70757,70.45570015566594,2.251869844334067,Haupt (J=7),33,2013
42,2015.25,72.51051,70.33160585872835,2.1789041412716443,Haupt (J=7),33,2013
43,2015.5,72.63437,70.59026057130995,2.0441094286900494,Haupt (J=7),33,2013
44,2015.75,72.76231,70.66375664888659,2.0985533511134093,Haupt (J=7),33,2013
45,2016,72.93954,70.68819835372705,2.251341646272948,Haupt (J=7),33,2013
46,2016.25,72.98755,70.88965984728937,2.097890152710633,Haupt (J=7),33,2013
47,2016.5,73.40736,71.12182016345108,2.285539836548921,Haupt (J=7),33,2013
48,2016.75,73.49681,71.17515007965113,2.321659920348864,Haupt (J=7),33,2013
49,2017,73.41237,71.21506505353756,2.197304946462438,Haupt (J=7),33,2013
50,2017.25,73.58966,71.67685202463097,1.9128079753690201,Haupt (J=7),33,2013
51,2017.5,73.71687,71.49122918137647,2.225640818623532,Haupt (J=7),33,2013
52,2017.75,73.96725,72.00478852239688,1.962461477603128,Haupt (J=7),33,2013
53,2018,74.04164,72.12922307330003,1.9124169266999758,Haupt (J=7),33,2013
54,2018.25,74.02095,72.55469012182294,1.4662598781770555,Haupt (J=7),33,2013
55,2018.5,74.28933,72.46621153605713,1.8231184639428761,Haupt (J=7),33,2013
56,2018.75,74.40572,72.60785179031087,1.7978682096891276,Haupt (J=7),33,2013
57,2019,74.73882,72.82940909379595,1.9094109062040587,Haupt (J=7),33,2013
58,2019.25,74.89684,72.97773905831744,1.919100941682558,Haupt (J=7),33,2013
59,2019.5,74.87152,72.87792287310234,1.9935971268976687,Haupt (J=7),33,2013
60,2019.75,74.74255,73.2219754191954,1.5205745808045918,Haupt (J=7),33,2013
